product_id,pictogram_id
VAR-QB00002,GHS07
VAR-QB00001,GHS07
VAR-QB00001,GHS08
VAR-QB00005,GHS07
VAR-QB00005,GHS08
VAR-QB00005,GHS02
VAR-QB00005,GHS09
VAR-QB00006,GHS07
VAR-QB00007,GHS07
VAR-QB00008,GHS07
VAR-QB00009,GHS07
VAR-QB00158,GHS07
VAR-QB00158,GHS05
VAR-QB00158,GHS08
VAR-QB00157,GHS07
VAR-QB00157,GHS05
VAR-QB00157,GHS08
IFF-QB00318,GHS07
IFF-QB00318,GHS08
VAR-QB00011,GHS07
VAR-QB00011,GHS05
KAO-QB00015,GHS05
KAO-QB00016,GHS05
KAO-QB00017,GHS07
VAR-QB00013,GHS08
VAR-QB00016,GHS07
VAR-QB00016,GHS05
VAR-QB00016,GHS09
VAR-QB00017,GHS07
VAR-QB00017,GHS05
VAR-QB00017,GHS09
VAR-QB00018,GHS07
VAR-QB00018,GHS05
VAR-QB00018,GHS09
VAR-QB00020,GHS07
VAR-QB00020,GHS05
VAR-QB00021,GHS07
VAR-QB00021,GHS05
KAO-QB00019,GHS05
IFF-QB00123,GHS07
IFF-QB00123,GHS08
IFF-QB00124,GHS07
IFF-QB00124,GHS08
KAO-QB00021,GHS07
KAO-QB00022,GHS07
KAO-QB00022,GHS05
KAO-QB00022,GHS09
KAO-QB00024,GHS05
KAO-QB00024,GHS06
KAO-QB00024,GHS09
IFF-QB00176,GHS07
IFF-QB00176,GHS08
ASH-QB00065,GHS07
IFF-QB00125,GHS07
IFF-QB00125,GHS08
IFF-QB00072,GHS07
IFF-QB00072,GHS08
ASH-QB00085,GHS09
IFF-QB00218,GHS07
IFF-QB00218,GHS08
KAO-QB00001,GHS07
KAO-QB00001,GHS05
KAO-QB00001,GHS08
KAO-QB00001,GHS09
KAO-QB00002,GHS07
KAO-QB00002,GHS05
KAO-QB00002,GHS08
KAO-QB00002,GHS09
KAO-QB00003,GHS07
KAO-QB00003,GHS05
KAO-QB00003,GHS08
KAO-QB00003,GHS09
KAO-QB00004,GHS05
KAO-QB00004,GHS08
KAO-QB00004,GHS09
KAO-QB00005,GHS05
KAO-QB00005,GHS08
KAO-QB00005,GHS09
KAO-QB00088,GHS07
KAO-QB00088,GHS05
KAO-QB00008,GHS07
KAO-QB00008,GHS05
KAO-QB00008,GHS08
KAO-QB00008,GHS09
KAO-QB00009,GHS07
KAO-QB00009,GHS09
KAO-QB00010,GHS07
KAO-QB00010,GHS05
KAO-QB00010,GHS09
IFF-QB00126,GHS07
IFF-QB00126,GHS08
IFF-QB00127,GHS07
IFF-QB00127,GHS08
IFF-QB00073,GHS07
IFF-QB00073,GHS08
IFF-QB00220,GHS07
IFF-QB00220,GHS08
PRD-QB00001,GHS07
PRD-QB00001,GHS05
PRD-QB00001,GHS09
PRD-QB00002,GHS07
PRD-QB00006,GHS07
VAR-QB00025,GHS07
VAR-QB00026,GHS07
VAR-QB00026,GHS05
VAR-QB00026,GHS09
PRD-QB00003,GHS07
IFF-QB00178,GHS07
IFF-QB00074,GHS07
IFF-QB00074,GHS08
IFF-QB00221,GHS07
IFF-QB00221,GHS08
VAR-QB00028,GHS07
VAR-QB00028,GHS09
IFF-QB00222,GHS07
IFF-QB00222,GHS08
IFF-QB00223,GHS07
KAO-QB00025,GHS05
VAR-QB00030,GHS07
VAR-QB00031,GHS07
IFF-QB00179,GHS07
IFF-QB00179,GHS08
IFF-QB00128,GHS07
IFF-QB00128,GHS08
IFF-QB00197,GHS07
IFF-QB00197,GHS08
IFF-QB00129,GHS07
IFF-QB00129,GHS08
IFF-QB00037,GHS07
IFF-QB00037,GHS08
IFF-QB00198,GHS07
IFF-QB00198,GHS08
IFF-QB00226,GHS07
IFF-QB00226,GHS08
IFF-QB00227,GHS07
IFF-QB00227,GHS09
IFF-QB00038,GHS07
IFF-QB00038,GHS08
IFF-QB00075,GHS07
IFF-QB00075,GHS08
IFF-QB00228,GHS07
IFF-QB00228,GHS08
IFF-QB00229,GHS07
IFF-QB00229,GHS05
IFF-QB00229,GHS08
IFF-QB00229,GHS02
IFF-QB00076,GHS07
IFF-QB00130,GHS07
IFF-QB00130,GHS05
IFF-QB00130,GHS08
IFF-QB00077,GHS07
IFF-QB00077,GHS08
IFF-QB00039,GHS07
IFF-QB00039,GHS08
IFF-QB00001,GHS07
IFF-QB00001,GHS08
BSF-QB00001,GHS05
BSF-QB00001,GHS08
BSF-QB00001,GHS09
IFF-QB00182,GHS07
IFF-QB00182,GHS08
IFF-QB00236,GHS07
IFF-QB00236,GHS08
IFF-QB00183,GHS07
IFF-QB00183,GHS08
IFF-QB00230,GHS07
IFF-QB00230,GHS08
IFF-QB00230,GHS09
LUB-QB00008,GHS08
LUB-QB00013,GHS08
LUB-QB00017,GHS05
LUB-QB00017,GHS09
LUB-QB00020,GHS07
LUB-QB00024,GHS07
LUB-QB00025,GHS07
IFF-QB00232,GHS07
IFF-QB00232,GHS08
IFF-QB00040,GHS07
IFF-QB00040,GHS08
IFF-QB00078,GHS07
IFF-QB00041,GHS07
IFF-QB00041,GHS08
ASH-QB00072,GHS09
VAR-QB00037,GHS05
VAR-QB00037,GHS09
IFF-QB00079,GHS07
IFF-QB00079,GHS08
IFF-QB00131,GHS07
IFF-QB00131,GHS08
IFF-QB00132,GHS07
IFF-QB00132,GHS05
IFF-QB00132,GHS08
IFF-QB00080,GHS07
IFF-QB00080,GHS08
LUB-QB00027,GHS07
IFF-QB00081,GHS07
IFF-QB00081,GHS08
IFF-QB00081,GHS02
IFF-QB00002,GHS07
IFF-QB00233,GHS07
IFF-QB00233,GHS08
IFF-QB00233,GHS02
IFF-QB00083,GHS07
IFF-QB00083,GHS08
IFF-QB00184,GHS07
IFF-QB00184,GHS08
VAR-QB00038,GHS02
VAR-QB00039,GHS02
IFF-QB00234,GHS07
IFF-QB00234,GHS08
IFF-QB00234,GHS02
IFF-QB00234,GHS09
IFF-QB00003,GHS07
IFF-QB00003,GHS08
VAR-QB00040,GHS07
VAR-QB00040,GHS05
VAR-QB00040,GHS08
VAR-QB00040,GHS09
PRD-QB00005,GHS07
PRD-QB00005,GHS05
PRD-QB00005,GHS08
PRD-QB00005,GHS09
IFF-QB00004,GHS07
IFF-QB00004,GHS05
IFF-QB00004,GHS08
IFF-QB00005,GHS07
IFF-QB00005,GHS05
IFF-QB00005,GHS08
IFF-QB00005,GHS02
IFF-QB00133,GHS07
IFF-QB00085,GHS07
IFF-QB00085,GHS08
IFF-QB00205,GHS07
IFF-QB00134,GHS07
IFF-QB00086,GHS07
IFF-QB00086,GHS08
IFF-QB00042,GHS07
IFF-QB00087,GHS07
IFF-QB00087,GHS08
IFF-QB00135,GHS07
IFF-QB00043,GHS07
IFF-QB00043,GHS08
VAR-QB00042,GHS07
VAR-QB00044,GHS07
VAR-QB00047,GHS07
VAR-QB00047,GHS05
VAR-QB00047,GHS08
VAR-QB00048,GHS05
VAR-QB00048,GHS02
VAR-QB00048,GHS09
VAR-QB00049,GHS07
VAR-QB00049,GHS08
VAR-QB00050,GHS05
VAR-QB00050,GHS09
VAR-QB00054,GHS07
VAR-QB00054,GHS09
VAR-QB00056,GHS07
VAR-QB00056,GHS09
VAR-QB00057,GHS07
VAR-QB00057,GHS09
VAR-QB00058,GHS07
VAR-QB00058,GHS09
VAR-QB00059,GHS07
VAR-QB00061,GHS07
VAR-QB00064,GHS07
VAR-QB00065,GHS07
VAR-QB00193,GHS05
VAR-QB00066,GHS08
VAR-QB00067,GHS07
IFF-QB00136,GHS07
ASH-QB00064,GHS07
KAO-QB00028,GHS07
KAO-QB00028,GHS05
KAO-QB00028,GHS08
KAO-QB00028,GHS02
KAO-QB00028,GHS09
ASH-QB00010,GHS07
IFF-QB00289,GHS07
IFF-QB00289,GHS08
IFF-QB00206,GHS07
IFF-QB00206,GHS08
IFF-QB00137,GHS07
IFF-QB00137,GHS08
VAR-QB00172,GHS02
IFF-QB00175,GHS07
IFF-QB00175,GHS08
KAO-QB00029,GHS07
KAO-QB00029,GHS05
KAO-QB00029,GHS08
KAO-QB00029,GHS09
KAO-QB00097,GHS05
KAO-QB00030,GHS07
KAO-QB00030,GHS05
KAO-QB00030,GHS02
KAO-QB00030,GHS09
KAO-QB00031,GHS07
KAO-QB00031,GHS09
KAO-QB00034,GHS07
KAO-QB00011,GHS05
KAO-QB00011,GHS09
VAR-QB00069,GHS07
VAR-QB00070,GHS07
VAR-QB00071,GHS07
IFF-QB00138,GHS07
IFF-QB00139,GHS07
IFF-QB00139,GHS08
VAR-QB00073,GHS07
VAR-QB00073,GHS05
KAO-QB00037,GHS07
KAO-QB00037,GHS05
KAO-QB00104,GHS05
KAO-QB00104,GHS08
KAO-QB00104,GHS06
KAO-QB00103,GHS07
KAO-QB00103,GHS05
KAO-QB00103,GHS08
KAO-QB00039,GHS07
KAO-QB00039,GHS05
KAO-QB00039,GHS08
KAO-QB00039,GHS09
VAR-QB00075,GHS07
VAR-QB00075,GHS05
VAR-QB00075,GHS08
VAR-QB00075,GHS09
IFF-QB00088,GHS07
IFF-QB00140,GHS07
IFF-QB00140,GHS08
IFF-QB00044,GHS07
IFF-QB00044,GHS08
IFF-QB00045,GHS07
IFF-QB00007,GHS07
IFF-QB00008,GHS07
IFF-QB00207,GHS07
IFF-QB00207,GHS08
IFF-QB00009,GHS07
IFF-QB00009,GHS05
IFF-QB00009,GHS08
IFF-QB00009,GHS02
IFF-QB00290,GHS07
IFF-QB00239,GHS07
IFF-QB00239,GHS05
IFF-QB00239,GHS08
IFF-QB00046,GHS07
IFF-QB00046,GHS08
VAR-QB00076,GHS07
VAR-QB00076,GHS05
VAR-QB00076,GHS08
ASH-QB00058,GHS07
ASH-QB00058,GHS05
IFF-QB00141,GHS07
IFF-QB00047,GHS07
IFF-QB00047,GHS08
IFF-QB00199,GHS07
KAO-QB00041,GHS07
KAO-QB00041,GHS05
KAO-QB00043,GHS07
KAO-QB00043,GHS05
KAO-QB00042,GHS07
KAO-QB00042,GHS05
KAO-QB00044,GHS05
KAO-QB00046,GHS07
KAO-QB00046,GHS05
VAR-QB00077,GHS07
KAO-QB00085,GHS05
VAR-QB00078,GHS07
ASH-QB00014,GHS07
VAR-QB00082,GHS07
VAR-QB00082,GHS05
IFF-QB00089,GHS07
IFF-QB00089,GHS08
ASH-QB00016,GHS07
ASH-QB00016,GHS05
ASH-QB00059,GHS07
ASH-QB00059,GHS05
ASH-QB00076,GHS07
ASH-QB00076,GHS05
ASH-QB00017,GHS07
ASH-QB00017,GHS05
IFF-QB00240,GHS07
IFF-QB00240,GHS08
IFF-QB00240,GHS02
IFF-QB00240,GHS09
VAR-QB00085,GHS07
VAR-QB00085,GHS08
VAR-QB00085,GHS02
VAR-QB00085,GHS09
IFF-QB00142,GHS07
IFF-QB00142,GHS08
IFF-QB00173,GHS07
IFF-QB00173,GHS08
IFF-QB00177,GHS07
IFF-QB00177,GHS08
IFF-QB00190,GHS07
IFF-QB00190,GHS08
IFF-QB00189,GHS07
IFF-QB00189,GHS08
IFF-QB00185,GHS07
IFF-QB00185,GHS08
IFF-QB00192,GHS07
IFF-QB00192,GHS08
VAR-QB00183,GHS07
VAR-QB00183,GHS05
VAR-QB00183,GHS09
IFF-QB00186,GHS07
IFF-QB00186,GHS08
LUB-QB00033,GHS05
LUB-QB00034,GHS05
IFF-QB00011,GHS07
IFF-QB00011,GHS05
IFF-QB00011,GHS08
IFF-QB00011,GHS02
IFF-QB00012,GHS07
IFF-QB00012,GHS05
IFF-QB00012,GHS08
IFF-QB00143,GHS07
IFF-QB00143,GHS08
IFF-QB00048,GHS07
IFF-QB00048,GHS08
IFF-QB00090,GHS07
IFF-QB00090,GHS08
IFF-QB00013,GHS07
IFF-QB00013,GHS08
IFF-QB00010,GHS07
IFF-QB00010,GHS08
IFF-QB00049,GHS07
IFF-QB00049,GHS08
IFF-QB00050,GHS07
IFF-QB00050,GHS05
IFF-QB00050,GHS08
IFF-QB00144,GHS07
IFF-QB00144,GHS08
IFF-QB00259,GHS07
IFF-QB00259,GHS08
IFF-QB00259,GHS09
IFF-QB00208,GHS07
IFF-QB00208,GHS08
VAR-QB00093,GHS07
VAR-QB00093,GHS05
KAO-QB00048,GHS05
KAO-QB00048,GHS09
KAO-QB00049,GHS05
KAO-QB00049,GHS09
KAO-QB00052,GHS05
IFF-QB00091,GHS07
IFF-QB00091,GHS08
IFF-QB00092,GHS07
IFF-QB00092,GHS08
IFF-QB00051,GHS07
IFF-QB00051,GHS08
IFF-QB00052,GHS07
IFF-QB00052,GHS05
IFF-QB00052,GHS08
IFF-QB00093,GHS07
IFF-QB00093,GHS08
IFF-QB00244,GHS07
IFF-QB00244,GHS08
IFF-QB00244,GHS02
IFF-QB00322,GHS07
IFF-QB00322,GHS08
IFF-QB00145,GHS07
IFF-QB00145,GHS08
IFF-QB00014,GHS07
IFF-QB00014,GHS08
IFF-QB00146,GHS07
IFF-QB00146,GHS08
IFF-QB00146,GHS02
ASH-QB00060,GHS07
ASH-QB00070,GHS07
ASH-QB00070,GHS08
ASH-QB00020,GHS07
ASH-QB00020,GHS08
IFF-QB00187,GHS07
IFF-QB00187,GHS08
IFF-QB00015,GHS07
IFF-QB00147,GHS07
IFF-QB00147,GHS08
IFF-QB00053,GHS07
IFF-QB00053,GHS08
IFF-QB00245,GHS07
IFF-QB00245,GHS08
VAR-QB00102,GHS05
VAR-QB00102,GHS09
VAR-QB00103,GHS05
VAR-QB00104,GHS07
VAR-QB00104,GHS05
VAR-QB00104,GHS08
VAR-QB00104,GHS06
VAR-QB00104,GHS09
IFF-QB00246,GHS07
IFF-QB00054,GHS07
IFF-QB00054,GHS08
IFF-QB00094,GHS07
IFF-QB00094,GHS08
IFF-QB00319,GHS07
IFF-QB00319,GHS08
KAO-QB00012,GHS05
KAO-QB00013,GHS05
IFF-QB00055,GHS07
IFF-QB00055,GHS08
IFF-QB00200,GHS07
IFF-QB00200,GHS08
IFF-QB00095,GHS07
IFF-QB00095,GHS05
IFF-QB00095,GHS08
IFF-QB00188,GHS07
IFF-QB00188,GHS08
KAO-QB00086,GHS07
KAO-QB00086,GHS05
KAO-QB00086,GHS08
ASH-QB00061,GHS07
VAR-QB00105,GHS07
VAR-QB00105,GHS03
VAR-QB00106,GHS07
IFF-QB00016,GHS07
IFF-QB00016,GHS08
IFF-QB00017,GHS07
IFF-QB00249,GHS07
IFF-QB00249,GHS08
KAO-QB00084,GHS07
KAO-QB00084,GHS05
KAO-QB00084,GHS09
KAO-QB00014,GHS07
KAO-QB00014,GHS05
KAO-QB00014,GHS08
KAO-QB00014,GHS09
KAO-QB00054,GHS02
KAO-QB00056,GHS07
KAO-QB00056,GHS08
KAO-QB00056,GHS02
KAO-QB00059,GHS02
IFF-QB00151,GHS07
IFF-QB00151,GHS08
IFF-QB00018,GHS07
IFF-QB00018,GHS08
IFF-QB00324,GHS07
IFF-QB00324,GHS08
IFF-QB00250,GHS07
IFF-QB00250,GHS09
IFF-QB00251,GHS07
IFF-QB00019,GHS07
IFF-QB00019,GHS08
IFF-QB00020,GHS07
IFF-QB00020,GHS08
IFF-QB00021,GHS07
IFF-QB00021,GHS08
IFF-QB00021,GHS02
VAR-QB00108,GHS05
VAR-QB00109,GHS07
IFF-QB00022,GHS07
IFF-QB00022,GHS05
IFF-QB00022,GHS08
IFF-QB00023,GHS07
IFF-QB00023,GHS08
IFF-QB00024,GHS07
IFF-QB00024,GHS08
IFF-QB00024,GHS02
IFF-QB00096,GHS07
IFF-QB00096,GHS08
IFF-QB00201,GHS07
IFF-QB00201,GHS08
IFF-QB00097,GHS07
VAR-QB00111,GHS05
ASH-QB00066,GHS07
ASH-QB00067,GHS07
ASH-QB00024,GHS05
ASH-QB00024,GHS08
ASH-QB00025,GHS07
ASH-QB00025,GHS05
IFF-QB00202,GHS07
IFF-QB00202,GHS08
IFF-QB00056,GHS07
IFF-QB00056,GHS08
IFF-QB00057,GHS07
IFF-QB00057,GHS08
IFF-QB00152,GHS07
IFF-QB00152,GHS08
IFF-QB00036,GHS07
IFF-QB00036,GHS08
IFF-QB00025,GHS07
IFF-QB00025,GHS08
IFF-QB00025,GHS02
IFF-QB00254,GHS07
IFF-QB00254,GHS08
IFF-QB00209,GHS07
IFF-QB00209,GHS05
IFF-QB00209,GHS08
IFF-QB00099,GHS07
VAR-QB00112,GHS07
VAR-QB00112,GHS09
VAR-QB00113,GHS07
IFF-QB00255,GHS07
IFF-QB00255,GHS08
IFF-QB00256,GHS07
IFF-QB00256,GHS08
IFF-QB00256,GHS09
IFF-QB00100,GHS07
IFF-QB00100,GHS09
VAR-QB00114,GHS07
VAR-QB00115,GHS07
VAR-QB00115,GHS05
VAR-QB00115,GHS09
IFF-QB00101,GHS07
IFF-QB00101,GHS08
IFF-QB00154,GHS07
IFF-QB00154,GHS08
IFF-QB00210,GHS07
IFF-QB00210,GHS08
IFF-QB00026,GHS07
IFF-QB00026,GHS08
IFF-QB00026,GHS02
IFF-QB00027,GHS07
IFF-QB00027,GHS08
IFF-QB00257,GHS07
IFF-QB00257,GHS08
IFF-QB00257,GHS09
VAR-QB00119,GHS07
VAR-QB00119,GHS05
VAR-QB00119,GHS09
VAR-QB00122,GHS07
VAR-QB00122,GHS05
VAR-QB00122,GHS09
ASH-QB00056,GHS07
IFF-QB00258,GHS07
IFF-QB00258,GHS08
IFF-QB00258,GHS09
LUB-QB00047,GHS05
LUB-QB00048,GHS07
LUB-QB00048,GHS09
LUB-QB00049,GHS09
LUB-QB00051,GHS05
VAR-QB00125,GHS05
IFF-QB00102,GHS07
ASH-QB00034,GHS07
ASH-QB00053,GHS07
IFF-QB00238,GHS07
IFF-QB00238,GHS05
IFF-QB00238,GHS09
IFF-QB00309,GHS07
IFF-QB00309,GHS08
IFF-QB00156,GHS07
IFF-QB00103,GHS07
IFF-QB00104,GHS07
IFF-QB00104,GHS08
IFF-QB00211,GHS07
IFF-QB00211,GHS08
IFF-QB00260,GHS07
IFF-QB00260,GHS08
IFF-QB00260,GHS09
IFF-QB00157,GHS07
IFF-QB00105,GHS07
VAR-QB00191,GHS09
VAR-QB00175,GHS09
IFF-QB00231,GHS07
IFF-QB00231,GHS08
IFF-QB00213,GHS07
ASH-QB00037,GHS07
IFF-QB00058,GHS07
IFF-QB00058,GHS08
KAO-QB00062,GHS05
KAO-QB00062,GHS09
KAO-QB00063,GHS05
KAO-QB00063,GHS09
KAO-QB00064,GHS05
KAO-QB00064,GHS09
KAO-QB00065,GHS05
KAO-QB00065,GHS08
KAO-QB00065,GHS09
KAO-QB00066,GHS07
KAO-QB00066,GHS05
KAO-QB00066,GHS02
KAO-QB00067,GHS07
KAO-QB00067,GHS05
KAO-QB00067,GHS02
KAO-QB00067,GHS09
KAO-QB00069,GHS05
KAO-QB00069,GHS02
KAO-QB00069,GHS09
IFF-QB00059,GHS07
IFF-QB00059,GHS08
IFF-QB00060,GHS07
IFF-QB00060,GHS08
IFF-QB00061,GHS07
IFF-QB00061,GHS08
IFF-QB00158,GHS07
IFF-QB00158,GHS08
IFF-QB00261,GHS07
IFF-QB00261,GHS08
IFF-QB00261,GHS09
IFF-QB00262,GHS07
IFF-QB00262,GHS08
IFF-QB00160,GHS07
IFF-QB00160,GHS08
VAR-QB00133,GHS07
IFF-QB00264,GHS07
IFF-QB00264,GHS08
IFF-QB00321,GHS07
IFF-QB00321,GHS08
IFF-QB00266,GHS07
IFF-QB00266,GHS08
IFF-QB00029,GHS07
IFF-QB00029,GHS08
VAR-QB00134,GHS07
IFF-QB00106,GHS07
IFF-QB00106,GHS08
IFF-QB00268,GHS07
IFF-QB00268,GHS02
IFF-QB00268,GHS09
IFF-QB00030,GHS07
IFF-QB00030,GHS08
IFF-QB00031,GHS07
IFF-QB00031,GHS08
IFF-QB00032,GHS07
IFF-QB00032,GHS08
IFF-QB00163,GHS07
IFF-QB00163,GHS08
ASH-QB00075,GHS07
ASH-QB00068,GHS07
ASH-QB00054,GHS07
ASH-QB00054,GHS05
LUB-QB00064,GHS07
IFF-QB00107,GHS07
IFF-QB00107,GHS08
IFF-QB00033,GHS07
IFF-QB00033,GHS08
IFF-QB00033,GHS02
IFF-QB00164,GHS07
IFF-QB00164,GHS08
IFF-QB00269,GHS07
IFF-QB00269,GHS08
IFF-QB00269,GHS09
IFF-QB00214,GHS07
IFF-QB00214,GHS05
IFF-QB00214,GHS09
IFF-QB00165,GHS07
IFF-QB00165,GHS08
IFF-QB00166,GHS07
IFF-QB00166,GHS08
IFF-QB00167,GHS07
IFF-QB00167,GHS08
IFF-QB00168,GHS07
IFF-QB00168,GHS08
IFF-QB00170,GHS07
IFF-QB00170,GHS08
IFF-QB00171,GHS07
IFF-QB00171,GHS08
IFF-QB00171,GHS02
LUB-QB00066,GHS08
LUB-QB00068,GHS05
IFF-QB00270,GHS07
IFF-QB00062,GHS07
IFF-QB00062,GHS08
IFF-QB00034,GHS07
IFF-QB00034,GHS08
IFF-QB00071,GHS07
IFF-QB00071,GHS08
IFF-QB00071,GHS02
IFF-QB00273,GHS07
IFF-QB00273,GHS05
IFF-QB00273,GHS08
IFF-QB00273,GHS09
IFF-QB00199,GHS08
VAR-QB00166,GHS07
IFF-QB00193,GHS07
IFF-QB00193,GHS08
IFF-QB00203,GHS07
IFF-QB00204,GHS07
IFF-QB00204,GHS05
IFF-QB00204,GHS08
IFF-QB00108,GHS07
IFF-QB00109,GHS07
IFF-QB00109,GHS09
IFF-QB00194,GHS07
IFF-QB00194,GHS08
IFF-QB00275,GHS07
IFF-QB00275,GHS08
IFF-QB00215,GHS07
IFF-QB00215,GHS08
IFF-QB00215,GHS03
IFF-QB00216,GHS07
IFF-QB00216,GHS08
IFF-QB00063,GHS07
IFF-QB00063,GHS08
IFF-QB00276,GHS07
IFF-QB00276,GHS08
IFF-QB00276,GHS09
IFF-QB00064,GHS07
IFF-QB00064,GHS08
LUB-QB00069,GHS07
LUB-QB00069,GHS05
IFF-QB00112,GHS07
IFF-QB00112,GHS08
IFF-QB00070,GHS07
IFF-QB00070,GHS08
ASH-QB00047,GHS05
VAR-QB00138,GHS07
ASH-QB00048,GHS07
ASH-QB00048,GHS08
IFF-QB00113,GHS07
IFF-QB00113,GHS08
IFF-QB00114,GHS07
IFF-QB00114,GHS08
IFF-QB00115,GHS07
IFF-QB00115,GHS08
IFF-QB00115,GHS02
IFF-QB00115,GHS09
IFF-QB00281,GHS07
IFF-QB00281,GHS05
IFF-QB00281,GHS08
IFF-QB00281,GHS09
VAR-QB00140,GHS05
VAR-QB00140,GHS08
VAR-QB00141,GHS08
VAR-QB00141,GHS02
VAR-QB00141,GHS09
KAO-QB00070,GHS02
KAO-QB00072,GHS02
KAO-QB00075,GHS07
KAO-QB00075,GHS05
KAO-QB00075,GHS09
KAO-QB00076,GHS07
KAO-QB00076,GHS05
KAO-QB00076,GHS02
KAO-QB00078,GHS07
KAO-QB00078,GHS05
KAO-QB00078,GHS02
KAO-QB00079,GHS07
KAO-QB00079,GHS05
VAR-QB00144,GHS07
VAR-QB00144,GHS09
IFF-QB00117,GHS07
IFF-QB00117,GHS08
IFF-QB00067,GHS07
IFF-QB00067,GHS08
IFF-QB00284,GHS07
IFF-QB00284,GHS08
IFF-QB00284,GHS09
IFF-QB00286,GHS07
IFF-QB00286,GHS05
IFF-QB00286,GHS08
IFF-QB00286,GHS09
IFF-QB00068,GHS07
IFF-QB00068,GHS08
IFF-QB00120,GHS07
IFF-QB00120,GHS08
IFF-QB00196,GHS07
IFF-QB00196,GHS08
IFF-QB00287,GHS07
IFF-QB00287,GHS08
IFF-QB00287,GHS09
ASH-QB00050,GHS07
VAR-QB00149,GHS07
VAR-QB00149,GHS05
VAR-QB00149,GHS09
IFF-QB00288,GHS07
IFF-QB00172,GHS07
IFF-QB00172,GHS08
IFF-QB00121,GHS07
IFF-QB00121,GHS08
IFF-QB00291,GHS07
IFF-QB00069,GHS07
IFF-QB00069,GHS08
IFF-QB00035,GHS07
IFF-QB00035,GHS08
ASH-QB00052,GHS07
IFF-QB00150,GHS07
IFF-QB00272,GHS07
KAO-QB00027,GHS02
KAO-QB00061,GHS07
KAO-QB00061,GHS09
LUB-QB00002,GHS07
LUB-QB00002,GHS05
VAR-QB00081,GHS07
VAR-QB00100,GHS07
VAR-QB00118,GHS07
IFF-QB00263,GHS02
IFF-QB00263,GHS07
IFF-QB00263,GHS08
IFF-QB00263,GHS09
KAO-QB00007,GHS05
KAO-QB00007,GHS08
KAO-QB00007,GHS09
KAO-QB00024,GHS07
KAO-QB00024,GHS08
KAO-QB00103,GHS06
KAO-QB00103,GHS09
LUB-QB00045,GHS09
LUB-QB00049,GHS07
LUB-QB00067,GHS07
VAR-QB00032,GHS07
VAR-QB00182,GHS02
VAR-QB00182,GHS07
VAR-QB00182,GHS09
IFF-QB00116,GHS07
IFF-QB00116,GHS08
IFF-QB00195,GHS07
IFF-QB00195,GHS05
IFF-QB00282,GHS07
IFF-QB00282,GHS08
IFF-QB00282,GHS02
IFF-QB00282,GHS09
IFF-QB00066,GHS07
IFF-QB00066,GHS08
IFF-QB00118,GHS07
IFF-QB00118,GHS08
IFF-QB00118,GHS02
IFF-QB00283,GHS07
IFF-QB00122,GHS07
IFF-QB00122,GHS08
IFF-QB00122,GHS09
